店舗名,従業員1,従業員2,従業員3,従業員4,従業員5,従業員6,従業員7,従業員8,従業員9,従業員10,従業員11,従業員12,従業員13,従業員14,従業員15,従業員16,従業員17,従業員18,従業員19,従業員20,従業員21,従業員22,従業員23,従業員24,従業員25,従業員26,従業員27,従業員28
Sakura Café,山田 太郎,鈴木 花子,佐藤 翔,田中 美咲,高橋 拓海,渡辺 健一
青海ラーメン,伊藤 彩乃,中村 大輔,小林 直樹,加藤 愛,山本 優子,松本 健太,井上 麻衣,木村 勇気,林 沙織,斎藤 真一,清水 結衣,山口 葵
Golden Gate Deli,池田 蓮,橋本 陽菜,山田 花子,鈴木 太郎
富士山ベーカリー,佐藤 美咲,田中 拓海,高橋 健一,渡辺 彩乃,伊藤 大輔,中村 直樹,小林 愛,加藤 優子,山本 健太
Tokyo Street Food,松本 麻衣,井上 勇気,木村 沙織,林 真一,斎藤 結衣,清水 葵,山口 蓮,池田 陽菜,橋本 太郎,山田 花子,鈴木 翔,佐藤 美咲,田中 拓海,高橋 健一,渡辺 彩乃,伊藤 大輔,中村 直樹,小林 愛,加藤 優子,山本 健太,松本 麻衣,井上 勇気
渋谷ラウンジ,木村 沙織,林 真一,斎藤 結衣,清水 葵,山口 蓮,池田 陽菜,橋本 太郎,山田 花子,鈴木 翔,佐藤 美咲,田中 拓海,高橋 健一,渡辺 彩乃,伊藤 大輔,中村 直樹,小林 愛,加藤 優子,山本 健太
Kyoto Garden,松本 麻衣,井上 勇気,木村 沙織,林 真一,斎藤 結衣,清水 葵,山口 蓮,池田 陽菜,橋本 太郎,山田 花子,鈴木 翔,佐藤 美咲,田中 拓海,高橋 健一,渡辺 彩乃,伊藤 大輔,中村 直樹,小林 愛,加藤 優子,山本 健太,松本 麻衣,井上 勇気,木村 沙織,林 真一,斎藤 結衣
海辺のパン屋,清水 葵,山口 蓮,池田 陽菜,橋本 太郎,山田 花子
Mountain View Coffee,鈴木 翔,佐藤 美咲,田中 拓海,高橋 健一,渡辺 彩乃,伊藤 大輔,中村 直樹,小林 愛,加藤 優子,山本 健太,松本 麻衣
銀座寿司バー,井上 勇気,木村 沙織,林 真一,斎藤 結衣,清水 葵,山口 蓮,池田 陽菜,橋本 太郎,山田 花子,鈴木 翔,佐藤 美咲,田中 拓海,高橋 健一,渡辺 彩乃,伊藤 大輔
Harajuku Crepes,中村 直樹,小林 愛,加藤 優子,山本 健太,松本 麻衣,井上 勇気,木村 沙織
春風カフェ,林 真一,斎藤 結衣,清水 葵,山口 蓮,池田 陽菜,橋本 太郎,山田 花子,鈴木 翔
Neon Tokyo Bar,佐藤 美咲,田中 拓海,高橋 健一,渡辺 彩乃,伊藤 大輔,中村 直樹,小林 愛,加藤 優子,山本 健太,松本 麻衣,井上 勇気,木村 沙織,林 真一,斎藤 結衣
下町食堂,清水 葵,山口 蓮,池田 陽菜,橋本 太郎,山田 花子,鈴木 翔,佐藤 美咲,田中 拓海,高橋 健一,渡辺 彩乃,伊藤 大輔,中村 直樹,小林 愛,加藤 優子,山本 健太,松本 麻衣,井上 勇気,木村 沙織,林 真一,斎藤 結衣,清水 葵,山口 蓮,池田 陽菜,橋本 太郎,山田 花子,鈴木 翔,佐藤 美咲,田中 拓海
Sunrise Diner,高橋 健一,渡辺 彩乃,伊藤 大輔,中村 直樹,小林 愛,加藤 優子,山本 健太,松本 麻衣,井上 勇気,木村 沙織,林 真一,斎藤 結衣,清水 葵,山口 蓮,池田 陽菜,橋本 太郎,山田 花子,鈴木 翔,佐藤 美咲,田中 拓海
